{
  "dense": {
    "epoch": [
      1,
      2,
      3,
      4,
      5,
      6,
      7,
      8,
      9,
      10,
      11,
      12,
      13,
      14,
      15,
      16,
      17,
      18,
      19,
      20,
      21,
      22,
      23,
      24,
      25
    ],
    "train_loss": [
      0.4563336330652237,
      0.1828431227684021,
      0.12485908918380738,
      0.09341078056891759,
      0.0731040835261345,
      0.05630477428833643,
      0.0444034792304039,
      0.03707724832892418,
      0.029233991757035255,
      0.023477694726487,
      0.01986283332357804,
      0.016663527066508928,
      0.013676771944761277,
      0.008360327060023943,
      0.007456576694423954,
      0.0061873596263428525,
      0.004590637210508188,
      0.006648947341491779,
      0.014050177942216396,
      0.011373833875233929,
      0.0038196507117090124,
      0.0035372429221868515,
      0.0009108382214792072,
      0.0005760944575304165,
      0.0007223218775354326
    ],
    "test_acc": [
      0.9346,
      0.9552,
      0.9648,
      0.9692,
      0.9726,
      0.9776,
      0.9728,
      0.977,
      0.9789,
      0.9776,
      0.978,
      0.9783,
      0.9799,
      0.9778,
      0.9812,
      0.9807,
      0.9781,
      0.9758,
      0.9765,
      0.9797,
      0.9789,
      0.9812,
      0.983,
      0.9827,
      0.9829
    ],
    "test_loss": [
      0.22175728249549867,
      0.1527274534225464,
      0.11409682009220123,
      0.09463970384597778,
      0.08248978972434998,
      0.07222444250583648,
      0.08734124183654784,
      0.07457667181491852,
      0.07082269439697265,
      0.07767593922615051,
      0.07356884521245956,
      0.07696457979679108,
      0.0718013643860817,
      0.07861623423099517,
      0.07856038147211075,
      0.08204176124334335,
      0.08452382192611695,
      0.1041578498840332,
      0.09406882743835449,
      0.08787373249530792,
      0.09138283386230468,
      0.08601285300254821,
      0.08096225643157959,
      0.08270558426380158,
      0.08661928553581238
    ],
    "ortho_err": [
      0.0,
      0.0,
      0.0,
      0.0,
      0.0,
      0.0,
      0.0,
      0.0,
      0.0,
      0.0,
      0.0,
      0.0,
      0.0,
      0.0,
      0.0,
      0.0,
      0.0,
      0.0,
      0.0,
      0.0,
      0.0,
      0.0,
      0.0,
      0.0,
      0.0
    ],
    "steps_per_sec": [
      70.26057653909675,
      90.11348930064418,
      77.02967666655391,
      82.65174949092365,
      86.50615889482185,
      87.74376840755859,
      89.56968626383508,
      80.30134076578082,
      82.54697460753944,
      90.91296102381894,
      89.13959521837918,
      91.41729976471484,
      84.40118539210575,
      88.1626964513309,
      89.0663576195613,
      87.65261812648568,
      90.05055667162378,
      89.71787643311825,
      83.75651413191703,
      84.02634958956013,
      90.81390756968956,
      91.78292084008737,
      89.85813027579314,
      89.74973240494376,
      89.74379004867728
    ],
    "peak_mem_mb": 4.572416,
    "final_acc": 0.9829
  },
  "single_rank_Jr": {
    "epoch": [
      1,
      2,
      3,
      4,
      5,
      6,
      7,
      8,
      9,
      10,
      11,
      12,
      13,
      14,
      15,
      16,
      17,
      18,
      19,
      20,
      21,
      22,
      23,
      24,
      25
    ],
    "train_loss": [
      1.231132608795166,
      0.4445177657763163,
      0.3520497398694356,
      0.30997552189826966,
      0.281760511636734,
      0.2594866741816203,
      0.24024917634328205,
      0.22458469898700714,
      0.21081200660069785,
      0.19857149952252706,
      0.18799669864177704,
      0.1787005108277003,
      0.17025090811252594,
      0.16229155498345693,
      0.15581746289332707,
      0.14961096031268437,
      0.14365846230983734,
      0.13867470873594284,
      0.13317917640209198,
      0.1289202045460542,
      0.12415968579848607,
      0.12014090766906738,
      0.11620566036701202,
      0.11241418897310892,
      0.1099059477130572
    ],
    "test_acc": [
      0.8641,
      0.8961,
      0.9085,
      0.9154,
      0.9212,
      0.9266,
      0.9305,
      0.9332,
      0.9366,
      0.9396,
      0.9412,
      0.9435,
      0.9438,
      0.9468,
      0.9469,
      0.9487,
      0.9505,
      0.9522,
      0.9521,
      0.9549,
      0.9539,
      0.9555,
      0.954,
      0.9552,
      0.9563
    ],
    "test_loss": [
      0.5203516411781312,
      0.36530014629364016,
      0.3161473415374756,
      0.28857479972839356,
      0.26895400848388673,
      0.251044725894928,
      0.23645032935142518,
      0.22530249485969545,
      0.213533856010437,
      0.20794817452430725,
      0.20066566667556762,
      0.19223899269104003,
      0.18730229949951172,
      0.18002019352912904,
      0.1765792381286621,
      0.17298121671676636,
      0.17055374627113343,
      0.16276802577972413,
      0.1609597228050232,
      0.159662082862854,
      0.15500755620002746,
      0.15065313754081727,
      0.15211764831542968,
      0.1503885289669037,
      0.1469888207435608
    ],
    "ortho_err": [
      4.291534423828125e-06,
      2.384185791015625e-06,
      2.0265579223632812e-06,
      3.0994415283203125e-06,
      2.7418136596679688e-06,
      2.384185791015625e-06,
      4.5299530029296875e-06,
      2.86102294921875e-06,
      2.86102294921875e-06,
      1.9073486328125e-06,
      3.4570693969726562e-06,
      2.5033950805664062e-06,
      1.9073486328125e-06,
      2.9802322387695312e-06,
      3.337860107421875e-06,
      2.0265579223632812e-06,
      3.337860107421875e-06,
      3.6954879760742188e-06,
      2.1457672119140625e-06,
      1.9073486328125e-06,
      3.0994415283203125e-06,
      3.0994415283203125e-06,
      1.9073486328125e-06,
      4.0531158447265625e-06,
      2.5033950805664062e-06
    ],
    "steps_per_sec": [
      21.858370525303087,
      24.226092221270363,
      20.039785511442414,
      15.602730879979335,
      19.071292439638363,
      18.062722882532587,
      17.396218739399988,
      16.913747782792008,
      20.054500737505748,
      24.680142400809924,
      23.629682751868533,
      20.72591586874144,
      19.98527524555867,
      20.08105868875238,
      20.390336846502443,
      20.580372337783658,
      20.435818246277783,
      20.311393981134444,
      20.35382739825906,
      20.01677959780993,
      20.22752762300609,
      20.611992347085653,
      19.34162991691556,
      20.68366533170006,
      20.370816915064847
    ],
    "peak_mem_mb": 11.51616,
    "final_acc": 0.9563
  },
  "wss": {
    "epoch": [
      1,
      2,
      3,
      4,
      5,
      6,
      7,
      8,
      9,
      10,
      11,
      12,
      13,
      14,
      15,
      16,
      17,
      18,
      19,
      20,
      21,
      22,
      23,
      24,
      25
    ],
    "train_loss": [
      1.1525931667645772,
      0.433233917760849,
      0.34284078504244486,
      0.29683002699216204,
      0.265672585217158,
      0.2401325048049291,
      0.22131358947753907,
      0.20420554668108623,
      0.18997790486017863,
      0.17754211791753768,
      0.1674523301521937,
      0.1583626172065735,
      0.14941941924095153,
      0.1417181331952413,
      0.135034419798851,
      0.12918561031023662,
      0.12346484330495199,
      0.11800203652381897,
      0.11399436540603637,
      0.10895394424200058,
      0.10502365953922271,
      0.10062523465156555,
      0.09743170566558838,
      0.09352157719930013,
      0.09036606104373932
    ],
    "test_acc": [
      0.8477,
      0.8927,
      0.91,
      0.918,
      0.9245,
      0.9281,
      0.9352,
      0.9398,
      0.9437,
      0.9452,
      0.9476,
      0.9495,
      0.9517,
      0.9529,
      0.9552,
      0.9552,
      0.9564,
      0.9566,
      0.9589,
      0.9594,
      0.96,
      0.9606,
      0.9629,
      0.9607,
      0.9614
    ],