{
  "dense": {
    "epoch": [
      1,
      2,
      3,
      4,
      5,
      6,
      7,
      8,
      9,
      10
    ],
    "train_loss": [
      0.4492043489217758,
      0.17626599983771643,
      0.11988080725272497,
      0.08925951511661212,
      0.06903222349683444,
      0.055445370390017824,
      0.04546111236115297,
      0.03593242253065109,
      0.029128914500772953,
      0.023537472276886306
    ],
    "test_acc": [
      0.9391,
      0.9614,
      0.9658,
      0.9722,
      0.9729,
      0.9712,
      0.976,
      0.9781,
      0.9777,
      0.9776
    ],
    "test_loss": [
      0.21239975905418396,
      0.13514210004806518,
      0.10891164305210113,
      0.09090802936553954,
      0.08536447241306305,
      0.09213044657707214,
      0.07633047342300416,
      0.07363090677261352,
      0.07558093700408935,
      0.07645974452495576
    ],
    "ortho_err": [
      0.0,
      0.0,
      0.0,
      0.0,
      0.0,
      0.0,
      0.0,
      0.0,
      0.0,
      0.0
    ],
    "steps_per_sec": [
      62.89730970905977,
      85.19133906789689,
      81.33377115043638,
      87.09566264270872,
      77.75525113695204,
      58.468071228957726,
      78.48209069527502,
      67.00266920089273,
      88.51814366471133,
      83.63906823649685
    ],
    "peak_mem_mb": 4.572416,
    "final_acc": 0.9776
  },
  "single_rank_Jr": {
    "epoch": [
      1,
      2,
      3,
      4,
      5,
      6,
      7,
      8,
      9,
      10
    ],
    "train_loss": [
      1.2349687497138977,
      0.4445458067576091,
      0.3517191711584727,
      0.3098521361509959,
      0.28154448296229045,
      0.25967589766979216,
      0.24087646797498066,
      0.2243119567076365,
      0.21112153354883195,
      0.1985263876636823
    ],
    "test_acc": [
      0.8634,
      0.8968,
      0.9094,
      0.9147,
      0.9212,
      0.9262,
      0.9299,
      0.9343,
      0.9369,
      0.9397
    ],
    "test_loss": [
      0.5213305772781373,
      0.361454939365387,
      0.3143228377342224,
      0.28896217679977415,
      0.26821189432144166,
      0.25163591747283937,
      0.2384233546257019,
      0.22462945647239685,
      0.2173347487449646,
      0.20891057229042054
    ],
    "ortho_err": [
      3.933906555175781e-06,
      3.4570693969726562e-06,
      2.0265579223632812e-06,
      4.172325134277344e-06,
      3.4570693969726562e-06,
      2.2649765014648438e-06,
      3.5762786865234375e-06,
      3.2186508178710938e-06,
      2.384185791015625e-06,
      1.7881393432617188e-06
    ],
    "steps_per_sec": [
      22.649002516799072,
      23.048130829823968,
      23.22996319525049,
      24.091382199951514,
      23.688867491099643,
      22.398967194003625,
      20.962504157541936,
      23.528931762656512,
      23.712429777311634,
      20.928217971903297
    ],
    "peak_mem_mb": 11.51616,
    "final_acc": 0.9397
  },
  "wss": {
    "epoch": [
      1,
      2,
      3,
      4,
      5,
      6,
      7,
      8,
      9,
      10
    ],
    "train_loss": [
      1.1541799886544546,
      0.4338185952504476,
      0.34378087355295817,
      0.297484361410141,
      0.2652861348470052,
      0.24061727135181427,
      0.22015050288041432,
      0.20374977329572042,
      0.1897743426879247,
      0.17784947480360666
    ],
    "test_acc": [
      0.8526,
      0.8953,
      0.9089,
      0.9175,
      0.9246,
      0.9281,
      0.9357,
      0.9397,
      0.9442,
      0.9468
    ],
    "test_loss": [
      0.5002308599472046,
      0.3594891395568848,
      0.30603237409591677,
      0.2740734931945801,
      0.25283728790283205,
      0.22965053253173828,
      0.21140429005622863,
      0.19905694222450257,
      0.18708345851898192,
      0.18054797649383544
    ],
    "ortho_err": [
      3.933906555175781e-06,
      3.2186508178710938e-06,
      1.9073486328125e-06,
      5.364418029785156e-06,
      3.5762786865234375e-06,
      2.86102294921875e-06,
      5.245208740234375e-06,
      5.841255187988281e-06,
      3.0994415283203125e-06,
      1.6689300537109375e-06
    ],
    "steps_per_sec": [
      12.796681154218252,
      13.470312463095,
      14.857327415499565,
      12.221974036001349,
      12.993508274861728,
      13.024561079935976,
      13.187838304835505,
      13.429489366419059,
      12.221901705694506,
      11.209800507735642
    ],
    "peak_mem_mb": 17.517824,
    "final_acc": 0.9468
  },
  "wss_div0": {
    "epoch": [
      1,
      2,
      3,
      4,
      5,
      6,
      7,
      8,
      9,
      10
    ],
    "train_loss": [
      1.173467462237676,
      0.4331916406472524,
      0.3452497747262319,
      0.2999671775817871,
      0.2676292886892955,
      0.2424698869228363,
      0.22138071002165477,
      0.20463566986719767,
      0.1897597545862198,
      0.1774352751493454
    ],
    "test_acc": [
      0.8559,
      0.899,
      0.9125,
      0.9229,
      0.9291,
      0.933,
      0.9389,
      0.9434,
      0.9458,
      0.9492
    ],
    "test_loss": [
      0.4995533109664917,
      0.3562871534347534,
      0.3007019391059875,
      0.26780023698806765,
      0.24641210250854492,
      0.2304493579864502,
      0.20759413213729858,
      0.19364156155586243,
      0.18272889909744264,
      0.17233727917671204
    ],
    "ortho_err": [
      4.887580871582031e-06,
      3.5762786865234375e-06,
      1.7881393432617188e-06,
      5.0067901611328125e-06,
      5.0067901611328125e-06,
      3.4570693969726562e-06,
      4.291534423828125e-06,
      5.245208740234375e-06,
      3.0994415283203125e-06,
      1.5497207641601562e-06
    ],
    "steps_per_sec": [
      12.115779731159044,
      14.205603926591754,
      14.222775047703488,
      13.033577143045415,
      13.207604277680563,
      11.563939466332801,
      12.095705545873646,
      12.188535034786605,
      12.639416858293254,
      12.701190746087201
    ],
    "peak_mem_mb": 21.482752,
    "final_acc": 0.9492
  },
  "wss_no_retraction": {
    "epoch": [
      1,
      2,
      3,
      4,
      5,
      6,
      7,
      8,
      9,
      10
    ],
    "train_loss": [
      1.3652552602450052,
      0.5038234830061594,
      0.3759375107288361,
      0.3194101447900136,
      0.28390529767672223,
      0.2576604196270307,
      0.23711887315114338,
      0.22056664628982545,
      0.2062593789577484,
      0.1944224473317464
    ],
    "test_acc": [
      0.8316,
      0.8837,
      0.9026,
      0.9155,
      0.9237,
      0.9303,
      0.9339,
      0.9391,
      0.9405,
      0.9448
    ],
    "test_loss": [
      0.6151649494171143,
      0.39487283630371095,
      0.3245599034309387,
      0.28572548122406005,
      0.25905809059143065,
      0.23862514533996582,
      0.22304347710609437,
      0.20999359126091002,
      0.20210691814422607,
      0.19050914754867554
    ],
    "ortho_err": [
      0.008969426155090332,
      0.010990142822265625,
      0.01155555248260498,
      0.01178586483001709,
      0.012013673782348633,
      0.012137413024902344,
      0.012349963188171387,
      0.012454867362976074,
      0.012697339057922363,
      0.012977957725524902
    ],
    "steps_per_sec": [
      35.631415370675334,
      34.81303891662383,
      35.03751716683268,
      34.68853526704773,
      34.10942165614215,
      32.36103847314337,
      34.09822792605193,
      32.14142830267248,
      35.066972975431476,
      35.689300719810255
    ],
    "peak_mem_mb": 21.654784,
    "final_acc": 0.9448
  }
}