{
  "dense": {
    "epoch": [
      1,
      2
    ],
    "train_loss": [
      0.45439870975812274,
      0.17358092768788339
    ],
    "test_acc": [
      0.9368,
      0.9599
    ],
    "test_loss": [
      0.2165549105167389,
      0.13908702821731567
    ],
    "ortho_err": [
      0.0,
      0.0
    ],
    "steps_per_sec": [
      70.14129916312719,
      87.97245713379517
    ],
    "peak_mem_mb": 4.572416,
    "final_acc": 0.9599
  },
  "wss": {
    "epoch": [
      1,
      2
    ],
    "train_loss": [
      1.146903709411621,
      0.4291613685528437
    ],
    "test_acc": [
      0.8622,
      0.898
    ],
    "test_loss": [
      0.4884840995788574,
      0.35037495889663695
    ],
    "ortho_err": [
      5.4836273193359375e-06,
      3.6954879760742188e-06
    ],
    "steps_per_sec": [
      13.714842645562646,
      13.695948429572253
    ],
    "peak_mem_mb": 8.924416,
    "final_acc": 0.898
  }
}