{
  "dense": {
    "epoch": [
      1,
      2,
      3,
      4,
      5,
      6,
      7,
      8,
      9,
      10,
      11,
      12,
      13,
      14,
      15,
      16,
      17,
      18,
      19,
      20
    ],
    "train_loss": [
      1.743224542350769,
      1.4271529906463623,
      1.2850154824447633,
      1.199034394607544,
      1.1187916765975952,
      1.0629376705741882,
      1.0122435286331177,
      0.9525009552192688,
      0.9174172799682617,
      0.875943022327423,
      0.8307367625236511,
      0.8021868434524536,
      0.7746919848823547,
      0.7511331004142762,
      0.7254614381980896,
      0.7009285085678101,
      0.6834597978019714,
      0.6486368998146057,
      0.637502255897522,
      0.6134734598731995
    ],
    "test_acc": [
      0.4465,
      0.5117,
      0.5647,
      0.6011,
      0.6002,
      0.6437,
      0.6516,
      0.6624,
      0.6926,
      0.6949,
      0.7032,
      0.7166,
      0.7198,
      0.7279,
      0.729,
      0.7508,
      0.7473,
      0.7471,
      0.7509,
      0.7604
    ],
    "test_loss": [
      1.5233004711151124,
      1.3507622081756592,
      1.2069217840194701,
      1.1072410137176514,
      1.091684266281128,
      0.9918671621322632,
      0.9664054006576538,
      0.935008057308197,
      0.8747748115539551,
      0.8560716037750244,
      0.8388479990959168,
      0.8041592614173889,
      0.8005917879104614,
      0.7700628700256348,
      0.7740951858520507,
      0.7184601156234741,
      0.7270137452125549,
      0.7198058776855468,
      0.7217224235534668,
      0.6857183085441589
    ],
    "ortho_err": [
      0.0,
      0.0,
      0.0,
      0.0,
      0.0,
      0.0,
      0.0,
      0.0,
      0.0,
      0.0,
      0.0,
      0.0,
      0.0,
      0.0,
      0.0,
      0.0,
      0.0,
      0.0,
      0.0,
      0.0
    ],
    "steps_per_sec": [
      36.645839372626064,
      39.12200442137207,
      39.18267703232813,
      39.06836453888324,
      39.173213129396125,
      39.21400236221086,
      39.053120010449604,
      39.090513512937356,
      39.13050345915802,
      38.97563695909434,
      39.07389276398287,
      39.1325906896938,
      39.136401020982625,
      39.209218406200705,
      39.19518741740382,
      39.175247160005675,
      39.27970778926473,
      39.337329567431304,
      40.52627186472357,
      40.509386488125884
    ],
    "peak_mem_mb": 409.616896,
    "final_acc": 0.7604
  },
  "wss": {
    "epoch": [
      1,
      2,
      3,
      4,
      5,
      6,
      7,
      8,
      9,
      10,
      11,
      12,
      13,
      14,
      15,
      16,
      17,
      18,
      19,
      20
    ],
    "train_loss": [
      1.8159933177566527,
      1.6096522582244872,
      1.5019475380706786,
      1.4319065453338624,
      1.3876865699005128,
      1.3630285451889037,
      1.3373581296539307,
      1.3056893423080445,
      1.2903935438156129,
      1.266537272720337,
      1.2538322427749633,
      1.2375009342193604,
      1.2246343883895874,
      1.2117803533554077,
      1.2011588318634032,
      1.1913472438049317,
      1.1844939840698243,
      1.1721707251739502,
      1.1561426692962646,
      1.1482410888671875
    ],
    "test_acc": [
      0.3926,
      0.432,
      0.4795,
      0.4903,
      0.5091,
      0.5258,
      0.5276,
      0.5324,
      0.5508,
      0.5488,
      0.5498,
      0.5668,
      0.5637,
      0.5675,
      0.5753,
      0.5738,
      0.5825,
      0.5855,
      0.5849,
      0.5964
    ],
    "test_loss": [
      1.635686248779297,
      1.5958533874511718,
      1.4304240230560303,
      1.3919865110397338,
      1.3470458557128906,
      1.3027891025543212,
      1.2906299394607543,
      1.2886222221374513,
      1.244792255783081,
      1.2423945680618287,
      1.2429225971221924,
      1.2095767202377319,
      1.1935935056686402,
      1.1996393489837647,
      1.1705255409240722,
      1.1772207389831544,
      1.151614197921753,
      1.1361451028823852,
      1.1500179878234864,
      1.1260880966186524
    ],
    "ortho_err": [
      1.0132789611816406e-05,
      1.0013580322265625e-05,
      1.0132789611816406e-05,
      1.2755393981933594e-05,
      1.0251998901367188e-05,
      1.3828277587890625e-05,
      1.1086463928222656e-05,
      1.049041748046875e-05,
      1.1086463928222656e-05,
      1.1205673217773438e-05,
      1.0371208190917969e-05,
      1.0967254638671875e-05,
      1.0251998901367188e-05,
      1.0609626770019531e-05,
      1.0251998901367188e-05,
      9.655952453613281e-06,
      1.1444091796875e-05,
      1.2516975402832031e-05,
      1.1205673217773438e-05,
      9.775161743164062e-06
    ],
    "steps_per_sec": [
      3.072013892521066,
      4.705849107262418,
      2.073109153663452,
      2.28837995511118,
      3.3042952974722852,
      1.4818997724746616,
      1.3481293317192338,
      2.545542694759952,
      2.4170513395396247,
      2.673703940044544,
      3.2791784620703224,
      3.5330414175179716,
      4.617233697596691,
      1.7497465226313698,
      3.9814169663159964,
      2.9722449280191245,
      5.458281173989902,
      2.5383881727158197,
      1.1377730786077906,
      1.8393496651256311
    ],
    "peak_mem_mb": 656.864256,
    "final_acc": 0.5964
  },
  "wss_trung": {
    "epoch": [
      1,
      2,
      3,
      4,
      5,
      6,
      7,
      8,
      9,
      10,
      11,
      12,
      13,
      14,
      15,
      16,
      17,
      18,
      19,
      20
    ],
    "train_loss": [
      1.8261228647613525,
      1.60878713848114,
      1.4854512008285523,
      1.410544450111389,
      1.348517465019226,
      1.3100786097335815,
      1.2798271949005127,
      1.2408355366516113,
      1.22238434299469,
      1.1988206713104248,
      1.167776683883667,
      1.1570263201522828,
      1.131496078491211,
      1.1104924976348878,
      1.0928377341079711,
      1.071657908706665,
      1.0708089875411988,
      1.0494145728302002,
      1.0314144454956056,
      1.0218273094558716
    ],
    "test_acc": [
      0.3895,
      0.4374,
      0.4992,
      0.5061,
      0.5314,
      0.5432,
      0.5546,
      0.5522,
      0.5752,
      0.5804,
      0.5827,
      0.5979,
      0.5955,
      0.603,
      0.6167,
      0.6152,
      0.6175,
      0.6279,
      0.6316,
      0.6419
    ],
    "test_loss": [
      1.6359961082458496,
      1.5301650463104248,
      1.3904343254089355,
      1.360246286392212,
      1.2840176782608033,
      1.257039144897461,
      1.2223248245239258,
      1.2224438917160034,
      1.1941870309829712,
      1.162886739730835,
      1.1528881006240845,
      1.1192891695022582,
      1.1146896068572998,
      1.0989491933822633,
      1.067698468208313,
      1.0516434371948242,
      1.0627284847259522,
      1.0337464756011963,
      1.0316470565795899,
      0.9973683362960816
    ],
    "ortho_err": [
      0.0,
      0.0,
      0.0,
      0.0,
      0.0,
      0.0,
      0.0,
      0.0,
      0.0,
      0.0,
      0.0,
      0.0,
      0.0,
      0.0,
      0.0,
      0.0,
      0.0,
      0.0,
      0.0,
      0.0
    ],
    "steps_per_sec": [
      3.003625929600793,
      2.8964886428401955,
      1.5422770195911355,
      2.6954482992122695,
      2.5946977060245433,
      2.4973004448348335,
      2.6772526862282366,
      1.8798512277555466,
      4.491864483481646,
      2.140462404769553,
      3.2662356815011857,
      1.4499787550602055,
      1.3552619926844962,
      1.4559947442757544,
      4.052794268296454,
      1.6380219915589416,
      2.110164953491793,
      1.4001744492420973,
      1.4243510162851638,
      2.2920894986141427
    ],
    "peak_mem_mb": 656.864256,
    "final_acc": 0.6419
  },
  "wss_trung_1": {
    "epoch": [
      1,
      2,
      3,
      4,
      5,
      6,
      7,
      8,
      9,
      10,
      11,
      12,
      13,
      14,
      15,
      16,
      17,
      18,
      19,
      20
    ],