{
  "dense": {
    "epoch": [
      1,
      2,
      3,
      4,
      5,
      6,
      7,
      8,
      9,
      10,
      11,
      12,
      13,
      14,
      15,
      16,
      17,
      18,
      19,
      20
    ],
    "train_loss": [
      0.44693572289148964,
      0.17211956906318665,
      0.11586310277382533,
      0.08518382156292598,
      0.06575403300325076,
      0.051925157427787784,
      0.04100278079907099,
      0.03411842117508253,
      0.026678718328475952,
      0.021382311481734115,
      0.01655239402850469,
      0.013006083932891488,
      0.009761779173711935,
      0.01148231254518032,
      0.010014245934287708,
      0.010720925367251038,
      0.007472497926155726,
      0.004346640183155735,
      0.004851588682395717,
      0.005421996088558808
    ],
    "test_acc": [
      0.9398,
      0.9592,
      0.9663,
      0.9728,
      0.9768,
      0.9774,
      0.9759,
      0.9785,
      0.9798,
      0.9772,
      0.9795,
      0.9798,
      0.9798,
      0.9766,
      0.9774,
      0.9801,
      0.9798,
      0.9784,
      0.9801,
      0.9807
    ],
    "test_loss": [
      0.2056378730773926,
      0.13648050522804261,
      0.11134966852664947,
      0.08823458631038666,
      0.07811999325752259,
      0.07229754343032838,
      0.07483090782165527,
      0.06969091687202454,
      0.06910749863386154,
      0.07156796768903732,
      0.07258693212270736,
      0.07553747452497482,
      0.0759088650226593,
      0.08890887200832367,
      0.08755194113254547,
      0.07809355665445328,
      0.08549663760662078,
      0.08049017165899276,
      0.08701798048019409,
      0.08677871701717377
    ],
    "ortho_err": [
      0.0,
      0.0,
      0.0,
      0.0,
      0.0,
      0.0,
      0.0,
      0.0,
      0.0,
      0.0,
      0.0,
      0.0,
      0.0,
      0.0,
      0.0,
      0.0,
      0.0,
      0.0,
      0.0,
      0.0
    ],
    "steps_per_sec": [
      90.09282229837169,
      107.3541943281299,
      103.956559629811,
      105.23341189226738,
      105.14357014972694,
      104.07933035028067,
      104.01275683644155,
      100.6791955946119,
      106.05240981095753,
      106.70696806694754,
      104.11704682297707,
      106.84947366605533,
      105.09327382834408,
      106.30484851626949,
      106.97917964695279,
      105.83840199509925,
      105.05932341847199,
      107.40735415581537,
      106.89483256047775,
      107.1763433530638
    ],
    "peak_mem_mb": 24.2688,
    "final_acc": 0.9807
  },
  "wss": {
    "epoch": [
      1,
      2,
      3,
      4,
      5,
      6,
      7,
      8,
      9,
      10,
      11,
      12,
      13,
      14,
      15,
      16,
      17,
      18,
      19,
      20
    ],
    "train_loss": [
      1.1704641191164653,
      0.42594518586794533,
      0.3372769579410553,
      0.2936629910628001,
      0.26437500788370766,
      0.23973392526308696,
      0.21966570427417756,
      0.20311292332013448,
      0.18893999389807384,
      0.17591284006436667,
      0.16472651906808217,
      0.15467549089988072,
      0.14606066470940907,
      0.13910655924479168,
      0.1326942203124364,
      0.12527778674761456,
      0.12033942225774129,
      0.11441934877634048,
      0.11082329081296921,
      0.10543887483477593
    ],
    "test_acc": [
      0.8525,
      0.8959,
      0.9108,
      0.921,
      0.9291,
      0.9315,
      0.9355,
      0.9403,
      0.9421,
      0.9447,
      0.9462,
      0.9493,
      0.9514,
      0.9533,
      0.9543,
      0.9569,
      0.958,
      0.9594,
      0.9607,
      0.9614
    ],
    "test_loss": [
      0.506496545124054,
      0.3504956446647644,
      0.30033395175933836,
      0.27193710193634035,
      0.24506490092277528,
      0.22788714299201965,
      0.21203757100105286,
      0.19965549144744874,
      0.1872199622631073,
      0.17622538967132567,
      0.17294229035377504,
      0.16447681756019591,
      0.1563626790046692,
      0.1523753604888916,
      0.14631068587303162,
      0.14107738094329833,
      0.13793391561508178,
      0.13667997469902038,
      0.13263962316513062,
      0.13048583927154542
    ],
    "ortho_err": [
      1.9729137420654297e-05,
      1.5139579772949219e-05,
      1.8894672393798828e-05,
      1.1146068572998047e-05,
      1.3232231140136719e-05,
      1.043081283569336e-05,
      1.5556812286376953e-05,
      1.5139579772949219e-05,
      1.5437602996826172e-05,
      1.3172626495361328e-05,
      1.8596649169921875e-05,
      2.491474151611328e-05,
      2.1517276763916016e-05,
      1.6987323760986328e-05,
      9.238719940185547e-06,
      8.702278137207031e-06,
      9.298324584960938e-06,
      1.2993812561035156e-05,
      1.0132789611816406e-05,
      1.1265277862548828e-05
    ],
    "steps_per_sec": [
      3.895313462507815,
      19.56062498418786,
      25.93033392725959,
      31.6028044089637,
      31.71270311973781,
      31.700468948761053,
      25.067331652612573,
      14.600401501260349,
      26.088977786785613,
      10.43146199204444,
      30.016876991464322,
      31.636595533272622,
      31.476149009558156,
      31.58622610179421,
      31.68629067161001,
      21.787774673322904,
      31.58093947045466,
      31.599963128093613,
      31.629516626924268,
      31.59269985703609
    ],
    "peak_mem_mb": 55.163904,
    "final_acc": 0.9614
  },
  "wss_trung": {
    "epoch": [
      1,
      2,
      3,
      4,
      5,
      6,
      7,
      8,
      9,
      10,
      11,
      12,
      13,
      14,
      15,
      16,
      17,
      18,
      19,
      20
    ],
    "train_loss": [
      0.4149861328125,
      0.14613367281357448,
      0.10247758144140244,
      0.07796774790287017,
      0.06196285232305527,
      0.05056360334555308,
      0.041225739483038586,
      0.034142672814925515,
      0.028114046162366867,
      0.025339045057694118,
      0.02230740722467502,
      0.018050561153888704,
      0.019266865402956804,
      0.020856015347441036,
      0.012359935319796204,
      0.01086318506859243,
      0.0172127171702683,
      0.014679457556207975,
      0.006722570683651914,
      0.006104665857553482
    ],
    "test_acc": [
      0.9472,
      0.9602,
      0.9637,
      0.9678,
      0.9725,
      0.9741,
      0.9714,
      0.9727,
      0.9764,
      0.9744,
      0.9741,
      0.9752,
      0.9749,
      0.9765,
      0.9787,
      0.9754,
      0.9713,
      0.9774,
      0.9786,
      0.9735
    ],
    "test_loss": [
      0.17575693244934082,
      0.13233997032642364,
      0.11763490080833434,
      0.098489781665802,
      0.0886349282503128,
      0.08565197677612305,
      0.09593058841228486,
      0.0942889436006546,
      0.08889244723320007,
      0.09323841352462768,
      0.09152712621688842,
      0.10645111515522003,
      0.1143418705701828,
      0.09905928189754486,
      0.09994559905529023,
      0.11597555384635926,
      0.12078717858791352,
      0.10961362810134888,
      0.10760829622745514,
      0.12486498756408691
    ],
    "ortho_err": [
      0.0,
      0.0,
      0.0,
      0.0,
      0.0,
      0.0,
      0.0,
      0.0,
      0.0,
      0.0,
      0.0,
      0.0,
      0.0,
      0.0,
      0.0,
      0.0,
      0.0,
      0.0,
      0.0,
      0.0
    ],
    "steps_per_sec": [
      26.80307951668429,
      50.255264598973085,
      50.33045056864039,
      50.379497098089274,
      49.98489457241057,
      50.223992179845055,
      49.892251745649524,
      50.50200073776068,
      47.495724071385474,
      50.29457909443408,
      48.67085957082017,
      51.40228674281075,
      37.007640074851174,
      49.8967030378129,
      50.35537075164479,
      50.21975548478935,
      49.97470450707753,
      50.326134024152566,
      50.25460234502938,
      50.162982058682424
    ],
    "peak_mem_mb": 55.163904,
    "final_acc": 0.9735
  },