{
  "dense": {
    "epoch": [
      1,
      2,
      3,
      4,
      5,
      6,
      7,
      8,
      9,
      10,
      11,
      12,
      13,
      14,
      15,
      16,
      17,
      18,
      19,
      20
    ],
    "train_loss": [
      3.7051245378411335,
      3.657439003820005,
      3.6370776736218,
      3.6130379345106043,
      3.5880809638811195,
      3.5995293803836987,
      3.572711366155873,
      3.5617238936216933,
      3.552140777007393,
      3.5518009704092273,
      3.543484175723532,
      3.5399230853371,
      3.544008070489635,
      3.5464051391767417,
      3.538854578266973,
      3.5307075148043423,
      3.522424391041631,
      3.52246211922687,
      3.524875379645306,
      3.5333527067433232
    ],
    "test_acc": [
      0.02725538293813028,
      0.02725538293813028,
      0.038975197601526304,
      0.035704551648950665,
      0.03434178250204415,
      0.033251567184518944,
      0.04360861270100845,
      0.03979285908967021,
      0.047151812482965384,
      0.039247751430907606,
      0.044971381847914965,
      0.04578904333605887,
      0.044153720359771054,
      0.0485145816298719,
      0.03788498228400109,
      0.0487871354592532,
      0.052875442899972744,
      0.05151267375306623,
      0.053147996729354045,
      0.04279095121286454
    ],
    "test_loss": [
      3.649716990752388,
      3.6383893654241843,
      3.6236262622988167,
      3.617362632449949,
      3.5792094429106567,
      3.5656290501396737,
      3.5656707633188227,
      3.5697462087627585,
      3.5481041492120093,
      3.550112013857122,
      3.5394864361108764,
      3.544307510805377,
      3.5607587159183574,
      3.554005000857054,
      3.550311178172047,
      3.531486371324445,
      3.53779495389496,
      3.520410861329572,
      3.524816805350095,
      3.542769676919658
    ],
    "ortho_err": [
      0.0,
      0.0,
      0.0,
      0.0,
      0.0,
      0.0,
      0.0,
      0.0,
      0.0,
      0.0,
      0.0,
      0.0,
      0.0,
      0.0,
      0.0,
      0.0,
      0.0,
      0.0,
      0.0,
      0.0
    ],
    "steps_per_sec": [
      0.5573025316955176,
      0.563494732309449,
      0.5650481750313009,
      0.563811866979524,
      0.5628798068983767,
      0.5629984040668465,
      0.5654359790949527,
      0.564536087249156,
      0.5624347234203391,
      0.563168841455949,
      0.5602765973807063,
      0.5657166523189923,
      0.5617191161742897,
      0.5645412443400581,
      0.5664881552299879,
      0.5614500433543337,
      0.5631747569790285,
      0.5631056264145633,
      0.5647966839000077,
      0.562593314605267
    ],
    "peak_mem_mb": 9267.02848,
    "final_acc": 0.04279095121286454
  },
  "wss_trung": {
    "epoch": [
      1,
      2,
      3,
      4,
      5,
      6,
      7,
      8,
      9,
      10,
      11,
      12,
      13,
      14,
      15,
      16,
      17,
      18,
      19,
      20
    ],
    "train_loss": [
      3.6266306275906772,
      3.612895638009776,
      3.6344794086788013,
      3.630849610204282,
      3.624467853877855,
      3.6108561453611956,
      3.634739996039349,
      3.603504365423451,
      3.5880035524782925,
      3.5612079495969025,
      3.5638089553169583,
      3.562687390783559,
      3.555639586241349,
      3.5395920338837996,
      3.553483301660289,
      3.5195424349411675,
      3.5165531013322915,
      3.5169104389522388,
      3.5107650694639787,
      3.498043605555659
    ],
    "test_acc": [
      0.047969473971109296,
      0.03979285908967021,
      0.04388116653038975,
      0.03379667484328155,
      0.04115562823657672,
      0.044426274189152355,
      0.044698828018533664,
      0.04115562823657672,
      0.04987735077677841,
      0.04115562823657672,
      0.04687925865358408,
      0.042245843554101936,
      0.05178522758244753,
      0.044698828018533664,
      0.05560098119378577,
      0.05451076587626056,
      0.04606159716544017,
      0.05260288907059144,
      0.053147996729354045,
      0.052875442899972744
    ],
    "test_loss": [
      3.6162866009259687,
      3.641145123873981,
      3.6075817641915595,
      3.673353902453394,
      3.6684152788217856,
      3.602524949146831,
      3.6328520217946454,
      3.605982182623093,
      3.563783040648424,
      3.5686480593505885,
      3.555984968708919,
      3.571648940041917,
      3.5521680129974733,
      3.544503266689855,
      3.5375619193909116,
      3.5244044492731437,
      3.518162259876192,
      3.541579743047669,
      3.514088807297065,
      3.5318619343915407
    ],
    "ortho_err": [
      0.0,
      0.0,
      0.0,
      0.0,
      0.0,
      0.0,
      0.0,
      0.0,
      0.0,
      0.0,
      0.0,
      0.0,
      0.0,
      0.0,
      0.0,
      0.0,
      0.0,
      0.0,
      0.0,
      0.0
    ],
    "steps_per_sec": [
      0.5163148327560232,
      0.5186674309824951,
      0.518933872954961,
      0.5187836243062014,
      0.5178823923180217,
      0.5155547510668863,
      0.5195745085315759,
      0.5212825327758006,
      0.518865127265233,
      0.5206554212536001,
      0.5204688762075148,
      0.5205907978411076,
      0.516740404870908,
      0.5176252640516681,
      0.5155188405509555,
      0.5198650236516382,
      0.5173813485894861,
      0.520472523650334,
      0.5190141457886607,
      0.5177322888169402
    ],
    "peak_mem_mb": 10223.106048,
    "final_acc": 0.052875442899972744
  },
  "wss": {
    "epoch": [
      1,
      2,
      3,
      4,
      5,
      6,
      7,
      8,
      9,
      10,
      11,
      12,
      13,
      14,
      15,
      16,
      17,
      18,
      19,
      20
    ],
    "train_loss": [
      3.61486234664917,
      3.5310550005539603,
      3.4391326925028927,
      3.348918672229933,
      3.25909308143284,
      3.216138628254766,
      3.13572243400242,
      3.043015384674072,
      3.006960835664169,
      2.972519714935966,
      2.889038898633874,
      2.836443287393321,
      2.8047451350999917,
      2.751836347579956,
      2.7210983027582585,
      2.654397867036902,
      2.597025315657906,
      2.5135125491930093,
      2.5336907220923384,
      2.429581239949102
    ],
    "test_acc": [
      0.05260288907059144,
      0.05151267375306623,
      0.06650313436903789,
      0.08067593349686564,
      0.09348596347778686,
      0.10438811665303897,
      0.11092940855819024,
      0.09811937857726902,
      0.10983919324066503,
      0.12210411556282366,
      0.1259198691741619,
      0.13327882256745707,
      0.1351866993731262,
      0.1349141455437449,
      0.13464159171436357,
      0.14009266830198963,
      0.14445352957209048,
      0.14826928318342872,
      0.13845734532570184,
      0.16080675933496866
    ],
    "test_loss": [
      3.545784580249428,
      3.5538218993522,
      3.5289279082452416,
      3.4357670290524056,
      3.4158532028790876,
      3.3414798585424372,
      3.334931047322088,
      3.3105246146714924,
      3.351955955182541,
      3.2927900691485985,
      3.2304658594752698,
      3.280204234249295,
      3.271096649596203,
      3.2058245628203057,
      3.2456171411232,
      3.180744072500059,
      3.235914952490498,
      3.2731661654909288,
      3.206836343039021,
      3.234858596705065
    ],
    "ortho_err": [
      5.960464477539062e-07,
      4.76837158203125e-07,
      4.76837158203125e-07,
      5.960464477539062e-07,
      4.76837158203125e-07,
      5.960464477539062e-07,
      4.76837158203125e-07,
      4.76837158203125e-07,
      4.76837158203125e-07,
      5.960464477539062e-07,
      5.960464477539062e-07,
      4.76837158203125e-07,
      4.76837158203125e-07,
      5.960464477539062e-07,
      5.960464477539062e-07,
      5.364418029785156e-07,
      5.960464477539062e-07,
      4.76837158203125e-07,
      4.76837158203125e-07,
      4.76837158203125e-07
    ],