{
  "dense": {
    "epoch": [
      1,
      2,
      3,
      4,
      5,
      6,
      7,
      8,
      9,
      10
    ],
    "train_loss": [
      4.460592182009828,
      4.241845312305525,
      4.27041685627956,
      4.136181455499986,
      3.914932335124296,
      3.8138253838408227,
      3.7494632244110107,
      3.68024258333094,
      3.675026822557636,
      3.6558580220914356
    ],
    "test_acc": [
      0.016750691169295822,
      0.0330134981297772,
      0.04000650512278419,
      0.04992681736867784,
      0.07448365587900471,
      0.055944055944055944,
      0.07757358920149618,
      0.06684013660757847,
      0.08993332249146202,
      0.0801756383151732
    ],
    "test_loss": [
      4.3670357209256965,
      4.291983988909706,
      4.332255471875211,
      4.034285722776901,
      3.8611104370888936,
      3.920952424516056,
      3.7293692923964747,
      3.80666557508361,
      3.7336180327597392,
      3.7320498392666854
    ],
    "ortho_err": [
      0.0,
      0.0,
      0.0,
      0.0,
      0.0,
      0.0,
      0.0,
      0.0,
      0.0,
      0.0
    ],
    "steps_per_sec": [
      1.7623746793645458,
      1.7118529495640482,
      1.743296957805345,
      1.7418996022631825,
      1.7323188550770345,
      1.7367869517295014,
      1.732928960507477,
      1.7342288376249506,
      1.7211513070999014,
      1.7278696898697596
    ],
    "peak_mem_mb": 9286.783488,
    "final_acc": 0.0801756383151732
  },
  "wss_trung": {
    "epoch": [
      1,
      2,
      3,
      4,
      5,
      6,
      7,
      8,
      9,
      10
    ],
    "train_loss": [
      4.216131886313943,
      3.7618033689611097,
      3.534448503045475,
      3.427497361688053,
      3.252676182167203,
      3.0811706991756664,
      3.055920504588707,
      2.974393327563417,
      2.9314833192264333,
      2.940110750759349
    ],
    "test_acc": [
      0.06293706293706294,
      0.12441047324768255,
      0.11058708733127338,
      0.12099528378598146,
      0.17027158887624003,
      0.1452268661570987,
      0.18328183444462515,
      0.1671816555537486,
      0.1733615221987315,
      0.1865343958367214
    ],
    "test_loss": [
      4.033094786186299,
      3.7425471553377534,
      3.665794874986297,
      3.5204602214917458,
      3.3278847673032743,
      3.4167704262720275,
      3.274693315756924,
      3.2730661783979897,
      3.2613112732227654,
      3.2325623071490313
    ],
    "ortho_err": [
      0.0,
      0.0,
      0.0,
      0.0,
      0.0,
      0.0,
      0.0,
      0.0,
      0.0,
      0.0
    ],
    "steps_per_sec": [
      1.2060779427723078,
      1.2304779868083315,
      1.2391708584712584,
      1.2357550530421197,
      1.2366861855845859,
      1.2373159721467657,
      1.2363380384916103,
      1.2358677225881836,
      1.2300834138489127,
      1.2373849785367048
    ],
    "peak_mem_mb": 10224.91136,
    "final_acc": 0.1865343958367214
  },
  "wss": {
    "epoch": [
      1,
      2,
      3,
      4,
      5,
      6,
      7,
      8,
      9,
      10
    ],
    "train_loss": [
      4.07862525173262,
      3.3089039615556306,
      2.8909157837138455,
      2.607997148177203,
      2.3608029141145592,
      2.1745419913647224,
      1.9826267181658277,
      1.8626590878355738,
      1.664126836084852,
      1.557500355383929
    ],
    "test_acc": [
      0.10522036103431452,
      0.18718490811514069,
      0.24491787282484956,
      0.26931208326557166,
      0.2746788095625305,
      0.2948446901935274,
      0.31891364449503984,
      0.313546918198081,
      0.34525939177101966,
      0.33094812164579607
    ],
    "test_loss": [
      3.7718757189159606,
      3.342734178850798,
      3.0752604586222363,
      2.9149447956944425,
      2.8723243450532987,
      2.781831952920288,
      2.720147689157704,
      2.731240365966236,
      2.6390637690739083,
      2.648422093716341
    ],
    "ortho_err": [
      9.5367431640625e-07,
      4.76837158203125e-07,
      4.76837158203125e-07,
      5.960464477539062e-07,
      4.76837158203125e-07,
      5.960464477539062e-07,
      4.76837158203125e-07,
      5.960464477539062e-07,
      5.960464477539062e-07,
      4.76837158203125e-07
    ],
    "steps_per_sec": [
      0.2870132006458945,
      0.28767888466842206,
      0.28917907283185235,
      0.2891763282084166,
      0.2892985537099263,
      0.2895227650316096,
      0.28851642471824823,
      0.28918016022968973,
      0.2899577369906832,
      0.2891908784015104
    ],
    "peak_mem_mb": 10457.004544,
    "final_acc": 0.33094812164579607
  }
}