{
  "dense": {
    "epoch": [
      1,
      2,
      3,
      4,
      5,
      6,
      7,
      8,
      9,
      10,
      11,
      12,
      13,
      14,
      15,
      16,
      17,
      18,
      19,
      20
    ],
    "train_loss": [
      4.372306238436232,
      4.083979237313364,
      3.941154555713429,
      3.808800023209815,
      3.6655450633927886,
      3.619464090758679,
      3.6479787312301934,
      3.715897840612075,
      3.6103203053567925,
      3.506720869213927,
      3.393662611643473,
      3.509485436420815,
      3.7937380416720523,
      3.837542839611278,
      3.8293344170439476,
      3.9802199588102454,
      3.831368729647468,
      3.700315010781382,
      3.6117754973617253,
      3.572466562308517
    ],
    "test_acc": [
      0.03252561392096276,
      0.046023743698162305,
      0.058546105057732965,
      0.07155635062611806,
      0.08424134005529355,
      0.06700276467718329,
      0.08326557163766467,
      0.07269474711335176,
      0.10001626280696048,
      0.10863555049601561,
      0.13124085217108472,
      0.08001301024556838,
      0.08115140673280208,
      0.06781590502520735,
      0.058058220848918526,
      0.0648885997723207,
      0.07464628394860953,
      0.07887461375833468,
      0.08521710847292242,
      0.09773946983249308
    ],
    "test_loss": [
      4.412597879663214,
      4.013400288941821,
      4.005548851570282,
      3.7227190805656347,
      3.769188805932358,
      3.9225771397298903,
      3.7947968815493183,
      3.8455869007699954,
      3.6255984761149227,
      3.492307058367851,
      3.5262045167794867,
      4.009363254699732,
      3.826092239394772,
      3.8871804010307796,
      4.013344229867079,
      4.012141340630755,
      3.8980345339828593,
      3.889157405111301,
      3.768652766404995,
      3.717633733208111
    ],
    "ortho_err": [
      0.0,
      0.0,
      0.0,
      0.0,
      0.0,
      0.0,
      0.0,
      0.0,
      0.0,
      0.0,
      0.0,
      0.0,
      0.0,
      0.0,
      0.0,
      0.0,
      0.0,
      0.0,
      0.0,
      0.0
    ],
    "steps_per_sec": [
      0.5623890618783017,
      0.6013921202668042,
      0.5965660030771402,
      0.3555332663610758,
      0.36820262304459916,
      0.3205727224064997,
      0.2922496952707596,
      0.29063645271117594,
      0.2940407916867788,
      0.3359004219850866,
      0.38267112609255494,
      0.340723904791182,
      0.31489670495426253,
      0.3031830872402973,
      0.30017349454823256,
      0.35165433517369377,
      0.38951503898705603,
      0.3288616640224633,
      0.30709527388372676,
      0.3051554328077289
    ],
    "peak_mem_mb": 9267.843584,
    "final_acc": 0.09773946983249308
  },
  "wss_trung": {
    "epoch": [
      1,
      2,
      3,
      4,
      5,
      6,
      7,
      8,
      9,
      10,
      11,
      12,
      13,
      14,
      15,
      16,
      17,
      18,
      19,
      20
    ],
    "train_loss": [
      4.208096887551102,
      3.7119476664300057,
      3.551232192095588,
      3.3641387986201865,
      3.17706711993498,
      3.0782064204122506,
      3.0377419060351802,
      2.8319740211262423,
      2.7940064804226745,
      2.7706131364784987,
      2.996149107989143,
      2.8934844391018735,
      2.9059087248409496,
      3.111945141063017,
      3.0065280848858404,
      2.9980862935384116,
      3.0161367154588885,
      3.0793722713694853,
      3.3382411255555993,
      3.1555350406497134
    ],
    "test_acc": [
      0.06342494714587738,
      0.11302650837534559,
      0.10863555049601561,
      0.13270450479752804,
      0.17027158887624003,
      0.14831679947959017,
      0.19434054317775248,
      0.18458285900146365,
      0.19759310456984874,
      0.17384940640754595,
      0.1735241502683363,
      0.2120670027646772,
      0.18685965197593105,
      0.16766953976256302,
      0.17547568710359407,
      0.14116116441697837,
      0.16360383802244266,
      0.12310944869084404,
      0.1486420556187998,
      0.1390469995121158
    ],
    "test_loss": [
      3.972427927511342,
      3.7108919075745495,
      3.668776670109452,
      3.4427622485536933,
      3.3695485658966673,
      3.4812298636065013,
      3.2421849734377215,
      3.2999474046132993,
      3.177001934203506,
      3.2928542540623593,
      3.2811643011416045,
      3.1643824448603346,
      3.255131326859357,
      3.364919914077173,
      3.2680643022031313,
      3.4396691675165996,
      3.348213500056854,
      3.68313267762573,
      3.5265008880173525,
      3.5110398063932635
    ],
    "ortho_err": [
      0.0,
      0.0,
      0.0,
      0.0,
      0.0,
      0.0,
      0.0,
      0.0,
      0.0,
      0.0,
      0.0,
      0.0,
      0.0,
      0.0,
      0.0,
      0.0,
      0.0,
      0.0,
      0.0,
      0.0
    ],
    "steps_per_sec": [
      0.30391224047118903,
      0.35397779812668173,
      0.32715985781712287,
      0.3104591241199895,
      0.2944451300648029,
      0.29255805961696657,
      0.29121085653396994,
      0.3334104084428268,
      0.3596980955903157,
      0.31978078811513094,
      0.30574599603397873,
      0.29409063200445057,
      0.2950867977695011,
      0.3175888480965383,
      0.3443513432445792,
      0.3352748246520365,
      0.31588693824004627,
      0.2923418130870407,
      0.2951449587956342,
      0.3155740517614239
    ],
    "peak_mem_mb": 10223.721472,
    "final_acc": 0.1390469995121158
  },
  "wss": {
    "epoch": [
      1,
      2,
      3,
      4,
      5,
      6,
      7,
      8,
      9,
      10,
      11,
      12,
      13,
      14,
      15,
      16,
      17,
      18,
      19,
      20
    ],
    "train_loss": [
      4.07865075971566,
      3.3102266059202305,
      2.875701987509634,
      2.6090868127112294,
      2.3655613758984733,
      2.1961558108236274,
      1.9928506463181739,
      1.8840711701150035,
      1.6852164937000649,
      1.5555654408884982,
      1.3938791074004828,
      1.2785090853186214,
      1.196703589663786,
      1.1078389714745913,
      0.9636600314402113,
      0.8545818878155128,
      0.8038056329184887,
      0.716832717960956,
      0.6877910737897835,
      0.6062716217602
    ],
    "test_acc": [
      0.10505773296470972,
      0.19076272564644658,
      0.23255813953488372,
      0.2701252236135957,
      0.28167181655553747,
      0.295169946332737,
      0.31777524800780615,
      0.3184257602862254,
      0.3516018864856074,
      0.34330785493576194,
      0.3533907952512604,
      0.35761912506098553,
      0.377297121483168,
      0.37599609692632946,
      0.3942104407220686,
      0.37095462676858026,
      0.3986013986013986,
      0.3963246056269312,
      0.3901447389819483,
      0.3950235810700927
    ],
    "test_loss": [
      3.7722564448106772,
      3.3238740329878915,
      3.1158028017274537,
      2.907435164139084,
      2.870570526915578,
      2.7939000505027702,
      2.75011277466329,
      2.7027072688586773,
      2.651148061283935,
      2.6522410283497355,
      2.6387072349684204,
      2.7036176178780664,
      2.5662521905367073,
      2.658838250187669,
      2.5777102568456267,
      2.7385943425653583,
      2.6564039251420106,
      2.7205178646910264,
      2.794104382708356,
      2.8143629572181745
    ],
    "ortho_err": [
      5.960464477539062e-07,
      4.76837158203125e-07,
      4.76837158203125e-07,
      5.960464477539062e-07,
      4.76837158203125e-07,
      5.960464477539062e-07,
      4.76837158203125e-07,
      4.76837158203125e-07,
      5.960464477539062e-07,
      5.960464477539062e-07,
      4.76837158203125e-07,
      4.76837158203125e-07,
      4.76837158203125e-07,
      5.960464477539062e-07,
      5.960464477539062e-07,
      4.76837158203125e-07,
      5.960464477539062e-07,
      5.960464477539062e-07,
      5.960464477539062e-07,
      5.960464477539062e-07
    ],