{
  "wss_trung_2": {
    "epoch": [
      1,
      2,
      3,
      4,
      5,
      6,
      7,
      8,
      9,
      10
    ],
    "train_loss": [
      4.237508771933761,
      3.772502613067627,
      3.5028317273831835,
      3.270139627830655,
      3.0344060664083443,
      2.8890243081485525,
      2.7936743857813817,
      2.721647155051138,
      2.5111317036198635,
      2.49295589316125
    ],
    "test_acc": [
      0.05952187347536185,
      0.09773946983249308,
      0.1462026345747276,
      0.1686453081801919,
      0.20247194665799317,
      0.2169458448528216,
      0.2005204098227354,
      0.2405269149455196,
      0.2442673605464303,
      0.24963408684338917
    ],
    "test_loss": [
      4.011080967544404,
      3.7576228266015135,
      3.5232947940147104,
      3.3376241930714854,
      3.2245553696634404,
      3.1324180200402765,
      3.2510915357788552,
      2.9954113732665357,
      3.000013660407489,
      2.9634144470970463
    ],
    "ortho_err": [
      0.0,
      0.0,
      0.0,
      0.0,
      0.0,
      0.0,
      0.0,
      0.0,
      0.0,
      0.0
    ],
    "steps_per_sec": [
      0.34766681434095015,
      0.25452346714326884,
      1.1617086491106337,
      0.9614858785531385,
      1.1602351673404157,
      0.6486335860551468,
      1.1077507865664744,
      1.161178391640316,
      1.1428243552751236,
      1.1544049003558383
    ],
    "peak_mem_mb": 10226.461696,
    "final_acc": 0.24963408684338917
  },
  "wss_trung_3": {
    "epoch": [
      1,
      2,
      3,
      4,
      5,
      6,
      7,
      8,
      9,
      10
    ],
    "train_loss": [
      4.269223781660491,
      3.7292811917323694,
      3.4139101365033317,
      3.214004992503746,
      3.0111412590625237,
      2.8663382464764164,
      2.750267686095892,
      2.702366964489806,
      2.5669397513071694,
      2.406369452383004
    ],
    "test_acc": [
      0.06326231907627257,
      0.10765978207838672,
      0.16832005204098227,
      0.16571800292730526,
      0.1933647747601236,
      0.1910879817856562,
      0.23304602374369815,
      0.20800130102455683,
      0.26573426573426573,
      0.2758172060497642
    ],
    "test_loss": [
      3.9679873868650994,
      3.697568273016991,
      3.461019523009224,
      3.331109905421278,
      3.1666938003087783,
      3.185502650234094,
      3.0450110386631164,
      3.1249525549354003,
      2.874813552367278,
      2.8230651022069995
    ],
    "ortho_err": [
      0.0,
      0.0,
      0.0,
      0.0,
      0.0,
      0.0,
      0.0,
      0.0,
      0.0,
      0.0
    ],
    "steps_per_sec": [
      1.1193988204744545,
      1.112997896658634,
      0.9630725185261315,
      1.0093164037080888,
      0.6708065099838454,
      1.1623608369827034,
      1.1621768761755602,
      1.1580895193464549,
      1.1428747785395121,
      1.0656624712384863
    ],
    "peak_mem_mb": 10226.461696,
    "final_acc": 0.2758172060497642
  }
}